invoice_id,source_file,line_seq,item_code,item_name_raw,unit_raw,qty,unit_price,discount_pct,tax_pct,line_total
B1593,june_2026,1,1,مفروم صافى 400 جم,طبق,30.0,82.8,0.0,0.0,2484.0
B1593,june_2026,2,7,سجق ابو هاشم 350 جم,طبق,10.0,40.05,0.0,0.0,400.5
B1593,june_2026,3,114,كفته ابو هاشم 800,طبق,10.0,69.5,0.0,0.0,695.0
B1593,june_2026,4,255,برجر ابو هاشم جامبو 1.5 كيلو,طبق,5.0,137.5,0.0,0.0,687.5
B1593,june_2026,5,421,برجر ابو هاشم 1 ك,طبق,1.0,95.0,0.0,0.0,95.0
B1593,june_2026,6,8,كفته ابو هاشم 350 جم,طبق,6.0,32.8,0.0,0.0,196.8
B1593,june_2026,7,107,سجق ابو هاشم 800,طبق,20.0,86.0,0.0,0.0,1720.0
B1594,june_2026,1,346,بانيه 800 جرام,طبق,180.0,57.0,0.0,0.0,10260.0
B1595,june_2026,1,13,سجق شرقى 3 ك ابو هاشم,كيس 3 كيلو,20.0,375.0,0.0,0.0,7500.0
B1596,june_2026,1,102,كفته الهنا 350,طبق,120.0,0.0,0.0,0.0,0.0
B1596,june_2026,2,399,كفته اسبيشيال صغير,طبق,120.0,0.0,0.0,0.0,0.0
B1597,june_2026,1,402,كفته اسبيشيال عائلى,طبق,132.0,0.0,0.0,0.0,0.0
B1598,june_2026,1,257,سجق الهنا 5 كيلو,طبق,4.0,370.0,0.0,0.0,1480.0
B1599,june_2026,1,101,كفته الهنا 800 جرام,طبق,12.0,0.0,0.0,0.0,0.0
B1965,june_2026,1,102,كفته الهنا 350,طبق,225.0,32.0,15.0,0.0,6120.0
B1965,june_2026,2,104,برجر الهنا 400 جرام,طبق,75.0,34.0,15.0,0.0,2167.5
B1965,june_2026,3,108,سجق الهنا 350,طبق,75.0,36.0,15.0,0.0,2295.0
B1965,june_2026,4,2,كبده اسكندرانى 400 (ابو هاشم),طبق,60.0,78.0,0.0,0.0,4680.0
B1966,june_2026,1,102,كفته الهنا 350,طبق,15.0,0.0,0.0,0.0,0.0
B1966,june_2026,2,114,كفته ابو هاشم 800,طبق,1.0,0.0,0.0,0.0,0.0
B1967,june_2026,1,104,برجر الهنا 400 جرام,طبق,75.0,34.0,15.0,0.0,2167.5
B1967,june_2026,2,102,كفته الهنا 350,طبق,105.0,32.0,15.0,0.0,2856.0
B1967,june_2026,3,101,كفته الهنا 800 جرام,طبق,36.0,67.0,15.0,0.0,2050.2
B1967,june_2026,4,120,برجر الهنا 900 جرام,طبق,60.0,70.0,15.0,0.0,3570.0
B1968,june_2026,1,104,برجر الهنا 400 جرام,طبق,45.0,0.0,0.0,0.0,0.0
B1969,june_2026,1,108,سجق الهنا 350,طبق,30.0,36.0,15.0,0.0,918.0
B1969,june_2026,2,102,كفته الهنا 350,طبق,120.0,32.0,15.0,0.0,3264.0
B1969,june_2026,3,101,كفته الهنا 800 جرام,طبق,96.0,67.0,15.0,0.0,5467.2
B1969,june_2026,4,104,برجر الهنا 400 جرام,طبق,45.0,34.0,15.0,0.0,1300.5
B1969,june_2026,5,120,برجر الهنا 900 جرام,طبق,48.0,70.0,15.0,0.0,2856.0
B1970,june_2026,1,102,كفته الهنا 350,طبق,15.0,0.0,0.0,0.0,0.0
B1971,june_2026,1,13,سجق شرقى 3 ك ابو هاشم,كيس 3 كيلو,12.0,375.0,0.0,0.0,4500.0
B1971,june_2026,2,403,برجر اسبيشيال صغير,طبق,15.0,36.0,15.0,0.0,459.0
B1971,june_2026,3,399,كفته اسبيشيال صغير,طبق,15.0,35.0,15.0,0.0,446.25
B1972,june_2026,1,402,كفته اسبيشيال عائلى,طبق,180.0,78.0,15.0,0.0,11934.0
B1972,june_2026,2,102,كفته الهنا 350,طبق,75.0,32.0,15.0,0.0,2040.0
B1972,june_2026,3,104,برجر الهنا 400 جرام,طبق,75.0,34.0,15.0,0.0,2167.5
B1972,june_2026,4,13,سجق شرقى 3 ك ابو هاشم,كيس 3 كيلو,40.0,375.0,0.0,0.0,15000.0
B1972,june_2026,5,404,برجر اسبيشيال عائلى,طبق,180.0,80.0,15.0,0.0,12240.0
B1973,june_2026,1,420,برجر الهنا 800 جرام,طبق,396.0,61.0,15.0,0.0,20532.6
B1973,june_2026,2,101,كفته الهنا 800 جرام,طبق,360.0,67.0,15.0,0.0,20502.0
B1973,june_2026,3,102,كفته الهنا 350,طبق,60.0,32.0,15.0,0.0,1632.0
B1973,june_2026,4,104,برجر الهنا 400 جرام,طبق,75.0,34.0,15.0,0.0,2167.5
B1973,june_2026,5,108,سجق الهنا 350,طبق,45.0,36.0,15.0,0.0,1377.0
B1974,june_2026,1,420,برجر الهنا 800 جرام,طبق,48.0,0.0,0.0,0.0,0.0
B1974,june_2026,2,102,كفته الهنا 350,طبق,15.0,0.0,0.0,0.0,0.0
B1975,june_2026,1,404,برجر اسبيشيال عائلى,طبق,24.0,0.0,0.0,0.0,0.0
B1976,june_2026,1,404,برجر اسبيشيال عائلى,طبق,12.0,80.0,15.0,0.0,816.0
B1976,june_2026,2,402,كفته اسبيشيال عائلى,طبق,12.0,78.0,15.0,0.0,795.6
B1976,june_2026,3,420,برجر الهنا 800 جرام,طبق,12.0,61.0,15.0,0.0,622.2
B1976,june_2026,4,101,كفته الهنا 800 جرام,طبق,12.0,67.0,15.0,0.0,683.4
B1976,june_2026,5,439,استربس الهنا 800 جرام,طبق,12.0,150.0,0.0,0.0,1800.0
B1977,june_2026,1,404,برجر اسبيشيال عائلى,طبق,12.0,80.0,15.0,0.0,816.0
B1977,june_2026,2,420,برجر الهنا 800 جرام,طبق,12.0,61.0,15.0,0.0,622.2
B1977,june_2026,3,439,استربس الهنا 800 جرام,طبق,12.0,150.0,0.0,0.0,1800.0
b1978,june_2026,1,404,برجر اسبشيال عائلي,طبق,120.0,80.0,15.0,0.0,8160.0
b1978,june_2026,2,13,سجق شرقي 3 ك ابو هاشم,كيس 3 كيلو,4.0,375.0,0.0,0.0,1500.0
b1979,june_2026,1,402,كفته اسبشيال عائلي,طبق,900.0,78.0,15.0,0.0,59670.0
b1979,june_2026,2,398,بانيه 900 جرام اسباشيل,كيس,380.0,62.0,0.0,0.0,23560.0
b1979,june_2026,3,13,سجق شرقي 3 ك ابو هاشم,كيس 3 كيلو,16.0,375.0,0.0,0.0,6000.0
b1979,june_2026,4,441,استريس اسبشيال 900 جرام,كيس,10.0,165.0,0.0,0.0,1650.0
b1980,june_2026,1,404,برجر اسبشيال عائلي,طبق,12.0,80.0,15.0,0.0,816.0
b1980,june_2026,2,402,كفته اسبشيال عائلي,طبق,12.0,78.0,15.0,0.0,795.6
b1980,june_2026,3,101,كفته الهنا 800 جرام,طبق,12.0,67.0,15.0,0.0,683.4
b1981,june_2026,1,420,برجر الهنا 800 جرام,طبق,12.0,61.0,15.0,0.0,622.2
b1981,june_2026,2,120,برجر الهنا 900 جرام,طبق,48.0,70.0,15.0,0.0,2856.0
b1981,june_2026,3,104,برجر الهنا 400 جرام,طبق,30.0,34.0,15.0,0.0,867.0
b1981,june_2026,4,441,استريس اسبشيال 900 جرام,كيس,10.0,165.0,0.0,0.0,1650.0
b1982,june_2026,1,402,كفته اسبيشيال عائلي,طبق,60.0,0.0,0.0,0.0,0.0
b1983,june_2026,1,13,سجق شرقي 3 ك ابو هاشم,كيس 3 كيلو,40.0,375.0,0.0,0.0,15000.0
b1984,june_2026,1,108,سجق الهنا 350,طبق,225.0,36.0,15.0,0.0,6885.0
b1984,june_2026,2,102,كفته الهنا 350,طبق,105.0,32.0,15.0,0.0,2856.0
b1984,june_2026,3,104,برجر الهنا 400 جرام,طبق,45.0,34.0,15.0,0.0,1300.5
b1985,june_2026,1,102,كفته الهنا 350,طبق,15.0,0.0,0.0,0.0,0.0
b1986,june_2026,1,99,سجق الهنا 800 جرام,طبق,132.0,73.0,15.0,0.0,8190.6
b1986,june_2026,2,101,كفته الهنا 800 جرام,طبق,84.0,67.0,15.0,0.0,4783.8
b1986,june_2026,3,420,برجر الهنا 800 جرام,طبق,84.0,61.0,15.0,0.0,4355.4
b1986,june_2026,4,346,بانيه 800 جرام,طبق,144.0,57.0,0.0,0.0,8208.0
b1987,june_2026,1,420,برجر الهنا 800 جرام,طبق,12.0,0.0,0.0,0.0,0.0
b1987,june_2026,2,101,كفته الهنا 800 جرام,طبق,12.0,0.0,0.0,0.0,0.0
b1988,june_2026,1,404,برجر اسبشيال عائلي,طبق,24.0,80.0,15.0,0.0,1632.0
b1989,june_2026,1,13,سجق شرقي 3 ك ابو هاشم,كيس 3 كيلو,40.0,375.0,0.0,0.0,15000.0
b1990,june_2026,1,102,كفته الهنا 350,طبق,375.0,32.0,15.0,0.0,10200.0
b1990,june_2026,2,104,برجر الهنا 400 جرام,طبق,150.0,34.0,15.0,0.0,4335.0
b1990,june_2026,3,108,سجق الهنا 350,طبق,150.0,36.0,15.0,0.0,4590.0
b1991,june_2026,1,102,كفته الهنا 350,طبق,135.0,0.0,0.0,0.0,0.0
b1992,june_2026,1,13,سجق شرقي 3 ك ابو هاشم,كيس 3 كيلو,120.0,375.0,0.0,0.0,45000.0
b1993,june_2026,1,420,برجر الهنا 800 جرام,طبق,12.0,61.0,15.0,0.0,622.2
b1993,june_2026,2,101,كفته الهنا 800 جرام,طبق,12.0,67.0,15.0,0.0,683.4
b1993,june_2026,3,404,برجر اسبشيال عائلي,طبق,12.0,80.0,15.0,0.0,816.0
b1993,june_2026,4,402,كفته اسبشيال عائلي,طبق,12.0,78.0,15.0,0.0,795.6
b1993,june_2026,5,346,بانيه 800 جرام,طبق,12.0,55.0,0.0,0.0,660.0
b1993,june_2026,6,398,بانيه 900 جرام اسباشيل,كيس,10.0,62.0,0.0,0.0,620.0
b2018,june_2026,1,403,برجر اسبشيال صغير,طبق,525.0,36.0,15.0,0.0,16065.0
b2018,june_2026,2,405,سجق اسبيشيال صغير,طبق,150.0,39.0,15.0,0.0,4972.5
b2018,june_2026,3,402,كفته اسبيشيال عائلي,طبق,120.0,78.0,15.0,0.0,7956.0
b2018,june_2026,4,404,برجر اسبشيال عائلي,طبق,60.0,80.0,15.0,0.0,4080.0
b2018,june_2026,5,13,سجق شرقي 3 ك ابو هاشم,كيس 3 كيلو,120.0,375.0,0.0,0.0,45000.0
b2018,june_2026,6,257,سجق الهنا 5 كيلو,طبق,20.0,370.0,0.0,0.0,7400.0
b2018,june_2026,7,346,بانيه 800 جرام,طبق,72.0,58.5,0.0,0.0,4212.0
b2020,june_2026,1,102,كفته الهنا 350,طبق,15.0,32.0,15.0,0.0,408.0
b2020,june_2026,2,104,برجر الهنا 400 جرام,طبق,15.0,34.0,15.0,0.0,433.5
b2020,june_2026,3,120,برجر الهنا 900 جرام,طبق,12.0,70.0,15.0,0.0,714.0
b2020,june_2026,4,346,بانيه 800 جرام,طبق,12.0,55.0,0.0,0.0,660.0
b2020,june_2026,5,1,مفروم صافي 400 جم ( ابو هاشم ),طبق,20.0,100.0,0.0,0.0,2000.0
b2020,june_2026,6,2,كبده اسكندراني 400 ( ابو هاشم ),طبق,20.0,78.0,0.0,0.0,1560.0
b2022,june_2026,1,101,كفته الهنا 800 جرام,طبق,12.0,67.0,15.0,0.0,683.4
b2022,june_2026,2,102,كفته الهنا 350,طبق,15.0,32.0,15.0,0.0,408.0
b2022,june_2026,3,120,برجر الهنا 900 جرام,طبق,12.0,70.0,15.0,0.0,714.0
b2022,june_2026,4,104,برجر الهنا 400 جرام,طبق,15.0,34.0,15.0,0.0,433.5
b2022,june_2026,5,13,سجق شرقي 3 ك ابو هاشم,كيس 3 كيلو,3.0,375.0,0.0,0.0,1125.0
b2022,june_2026,6,257,سجق الهنا 5 كيلو,طبق,3.0,370.0,0.0,0.0,1110.0
b2022,june_2026,7,346,بانيه 800 جرام,طبق,12.0,55.0,0.0,0.0,660.0
b2049,june_2026,1,439,استربس الهنا 800 جرام,طبق,1.0,150.0,0.0,0.0,150.0
b2085,june_2026,1,120,برجر الهنا 900 جرام,طلق,60.0,70.0,0.0,15.0,3570.0
b2085,june_2026,2,104,برجر الهنا 400 جرام,طلق,75.0,34.0,0.0,15.0,2167.5
b2085,june_2026,3,101,كفته الهنا 800 جرام,طلق,60.0,67.0,0.0,15.0,3417.0
b2085,june_2026,4,102,كفته الهنا 350,طلق,75.0,32.0,0.0,15.0,2040.0
b2086,june_2026,1,120,برجر الهنا 900 جرام,طلق,60.0,70.0,0.0,15.0,3570.0
b2086,june_2026,2,104,برجر الهنا 400 جرام,طلق,105.0,34.0,0.0,15.0,3034.5
b2086,june_2026,3,102,كفته الهنا 350,طلق,105.0,32.0,0.0,15.0,2856.0
b2087,june_2026,1,2,كبده اسكندراني 400,طلق,20.0,67.0,0.0,0.0,1340.0
b2088,june_2026,1,2,كبده اسكندراني 400,طلق,20.0,67.0,0.0,0.0,1340.0
B2090,june_2026,1,104,برجر الهنا 400 جرام,طلق,105.0,34.0,0.0,15.0,3034.5
B2090,june_2026,2,102,كفته الهنا 350,طلق,105.0,32.0,0.0,15.0,2856.0
B2090,june_2026,3,101,كفته الهنا 800 جرام,طلق,60.0,67.0,0.0,15.0,3417.0
B2090,june_2026,4,120,برجر الهنا 900 جرام,طلق,36.0,70.0,0.0,15.0,2142.0
B2091,june_2026,1,120,برجر الهنا 900 جرام,طلق,36.0,70.0,0.0,15.0,2142.0
B2091,june_2026,2,101,كفته الهنا 800 جرام,طلق,12.0,67.0,0.0,15.0,683.4
B2091,june_2026,3,102,كفته الهنا 350,طلق,45.0,32.0,0.0,15.0,1224.0
B2092,june_2026,1,101,كفته الهنا 800 جرام,طلق,300.0,67.0,0.0,15.0,17085.0
B2094,june_2026,1,1,مفروم صافى 400 جم ( ابو هاشم ),طلق,30.0,82.8,0.0,0.0,2484.0
B2094,june_2026,2,33,كيلو مفروم هندى,كيلو,5.5,262.0,0.0,0.0,1441.0
B2094,june_2026,3,13,سجق شرقى 3 ك ابو هاشم,كتس 3 كيلو,2.0,305.0,0.0,0.0,610.0
B2095,june_2026,1,13,سجق شرقى 3 ك ابو هاشم,كتس 3 كيلو,40.0,375.0,0.0,0.0,15000.0
b2096,june_2026,1,102,كفته الهنا 350,طلق,75.0,32.0,0.0,15.0,2040.0
b2096,june_2026,2,403,برجر اسبشيال صغير,طلق,375.0,36.0,0.0,15.0,11475.0
b2096,june_2026,3,404,برجر اسبشيال عائلى,طلق,96.0,80.0,0.0,15.0,6528.0
b2096,june_2026,4,439,استريس الهنا 800 جرام,طلق,180.0,150.0,0.0,0.0,27000.0
b2096,june_2026,5,435,عجينة بقرى 5 ك,كيلو,11.0,460.0,0.0,0.0,5060.0
b2097,june_2026,1,2,كبده اسكندراني 400 ( ابو هاشم ),طلق,30.0,67.0,0.0,0.0,2010.0
b2097,june_2026,2,7,سجق 350 جم ابو هاشم,طلق,10.0,40.05,0.0,0.0,400.5
b2097,june_2026,3,107,سجق 800 جم ابو هاشم,طلق,20.0,86.0,0.0,0.0,1720.0
b2097,june_2026,4,114,كفته ابو هاشم 800,طلق,10.0,69.5,0.0,0.0,695.0
b2097,june_2026,5,8,كفته 350 جم ابو هاشم,طلق,6.0,32.8,0.0,0.0,196.8
b2097,june_2026,6,13,سجق شرقى 3 ك ابو هاشم,كتس 3 كيلو,2.0,305.0,0.0,0.0,610.0
B2098,june_2026,1,80,برجر 1200 جم,طلق,162.0,165.0,0.0,10.0,24057.0
B2098,june_2026,2,255,برجر ابو هاشم جاميو 1.5 كيلو,طلق,54.0,200.0,0.0,10.0,9720.0
B2098,june_2026,3,107,سجق 800 جم ابو هاشم,طلق,32.0,132.0,0.0,10.0,3801.6
B2098,june_2026,4,114,كفته ابو هاشم 800,طلق,32.0,117.0,0.0,10.0,3369.6
B2098,june_2026,5,13,سجق شرقى 3 ك ابو هاشم,كتس 3 كيلو,36.0,375.0,0.0,0.0,13500.0
B2098,june_2026,6,2,كبده اسكندراني 400 ( ابو هاشم ),طلق,20.0,78.0,0.0,0.0,1560.0
B2099,june_2026,1,13,سجق شرقى 3 ك ابو هاشم,كتس 3 كيلو,32.0,375.0,0.0,0.0,12000.0
B2100,june_2026,1,13,سجق شرقى 3 ك ابو هاشم,كتس 3 كيلو,52.0,375.0,0.0,0.0,19500.0
b2118,june_2026,1,101,كفته الهنا 800 جرام,طلق,12.0,67.0,0.0,10.0,723.6
b2118,june_2026,2,346,بانيه 800 جرام,طلق,36.0,57.5,0.0,0.0,2070.0
b2118,june_2026,3,257,سجق الهنا 5 كيلو,طلق,2.0,375.0,0.0,0.0,750.0
b2119,june_2026,1,33,كيلو مفروم هندى,كيلو,2.0,280.0,0.0,0.0,560.0
b2120,june_2026,1,120,برجر الهنا 900 جرام,طلق,12.0,70.0,0.0,10.0,756.0
B2122,june_2026,1,101,كفته الهنا 800 جرام,طلق,12.0,67.0,0.0,10.0,723.6
B2123,june_2026,1,346,بانيه 800 جرام,طلق,36.0,57.5,0.0,0.0,2070.0
B2123,june_2026,2,101,كفته الهنا 800 جرام,طلق,24.0,67.0,0.0,10.0,1447.2
B2124,june_2026,1,114,كفته ابو هاشم 800,طلق,1.0,115.0,0.0,0.0,115.0
B2125,june_2026,1,114,كفته ابو هاشم 800,طن,1.0,110.0,0.0,0.0,110.0
B2126,june_2026,1,120,برجر الهنا 900 جرام,طن,12.0,70.0,0.0,10.0,756.0
b2127,june_2026,1,439,استربس الهنا 800 جرام,طن,1.0,150.0,0.0,0.0,150.0
b2128,june_2026,1,439,استربس الهنا 800 جرام,طن,1.0,150.0,0.0,0.0,150.0
b2129,june_2026,1,439,استربس الهنا 800 جرام,طن,1.0,150.0,0.0,0.0,150.0
b2130,june_2026,1,13,سجق شرقى 3 كـ ابو هاشم,كيس 3 كيلو,1.0,375.0,0.0,0.0,375.0
b2130,june_2026,2,255,برجر ابو هاشم جامبو 1.5 كيلو,طن,1.0,180.0,0.0,0.0,180.0
b2130,june_2026,3,2,كبده اسكندراني 400 ( ابو هاشم ),طن,2.0,75.0,0.0,0.0,150.0
b2131,june_2026,1,346,بانيه 800 جرام,طن,48.0,57.5,0.0,0.0,2760.0
b2131,june_2026,2,439,استربس الهنا 800 جرام,طن,24.0,150.0,0.0,0.0,3600.0
b2131,june_2026,3,120,برجر الهنا 900 جرام,طن,12.0,70.0,0.0,10.0,756.0
b2132,june_2026,1,439,استربس الهنا 800 جرام,طن,6.0,150.0,0.0,0.0,900.0
b2132,june_2026,2,33,كيلو مفروم هندى,كيلو,5.0,262.0,0.0,0.0,1310.0
b2133,june_2026,1,257,سجق الهنا 5 كيلو,طن,2.0,375.0,0.0,0.0,750.0
b2134,june_2026,1,439,استربس الهنا 800 جرام,طن,1.0,150.0,0.0,0.0,150.0
b2135,june_2026,1,439,استربس الهنا 800 جرام,طن,3.0,150.0,0.0,0.0,450.0
b2135,june_2026,2,33,كيلو مفروم هندى,كيلو,3.0,275.0,0.0,0.0,825.0
b2136,june_2026,1,439,استربس الهنا 800 جرام,طن,2.0,150.0,0.0,0.0,300.0
b2137,june_2026,1,440,استربس الهنا 1 كيلو,كيلو,3.0,120.0,0.0,0.0,360.0
b2138,june_2026,1,439,استربس الهنا 800 جرام,طن,2.0,150.0,0.0,0.0,300.0
b2139,june_2026,1,346,بانيه 800 جرام,طن,2.0,57.0,0.0,0.0,114.0
b2139,june_2026,2,402,كفته اسبيشيال عائلى,طن,2.0,78.0,0.0,0.0,156.0
b2139,june_2026,3,404,برجر اسبيشيال عائلى,طن,2.0,80.0,0.0,0.0,160.0
b2140,june_2026,1,346,بانيه 800 جرام,طن,24.0,57.5,0.0,0.0,1380.0
b2141,june_2026,1,441,استربس اسبشيال 900 جرام,كيس,10.0,165.0,0.0,0.0,1650.0
b2142,june_2026,1,99,سجق الهنا 800 جرام,طن,1.0,70.0,0.0,0.0,70.0
b2143,june_2026,1,2,كبده اسكندراني 400 ( ابو هاشم ),طن,2.0,75.0,0.0,0.0,150.0
b2144,june_2026,1,255,برجر ابو هاشم جامبو 1.5 كيلو,طن,1.0,180.0,0.0,0.0,180.0
b2145,june_2026,1,346,بانيه 800 جرام,طبق,36.0,57.5,0.0,0.0,2070.0
b2145,june_2026,2,441,استربس اسبشيال 900 جرام,كيس,10.0,165.0,0.0,0.0,1650.0
b2146,june_2026,1,101,كفته الهنا 800 جرام,طبق,12.0,67.0,0.0,10.0,723.6
b2146,june_2026,2,120,برجر الهنا 900 جرام,طبق,12.0,70.0,0.0,10.0,756.0
b2148,june_2026,1,101,كفته الهنا 800 جرام,طبق,12.0,67.0,0.0,10.0,723.6
b2148,june_2026,2,120,برجر الهنا 900 جرام,طبق,12.0,70.0,0.0,10.0,756.0
b2148,june_2026,3,346,بانيه 800 جرام,طبق,24.0,57.5,0.0,0.0,1380.0
b2148,june_2026,4,257,سجق الهنا 5 كيلو,طبق,1.0,375.0,0.0,0.0,375.0
b2149,june_2026,1,439,استربس الهنا 800 جرام,طبق,1.0,150.0,0.0,0.0,150.0
b2150,june_2026,1,346,بانيه 800 جرام,طبق,24.0,55.0,0.0,0.0,1320.0
b2150,june_2026,2,447,استربس الهنا 900 جرام,كيس,10.0,155.0,0.0,0.0,1550.0
b2166,june_2026,1,99,سجق الهنا 800 جرام,طبق,120.0,73.0,0.0,15.0,7446.0
b2166,june_2026,2,120,برجر الهنا 900 جرام,طبق,84.0,70.0,0.0,15.0,4998.0
b2166,june_2026,3,101,كفته الهنا 800 جرام,طبق,96.0,67.0,0.0,15.0,5467.2
b2167,june_2026,1,101,كفته الهنا 800 جرام,طبق,12.0,0.0,0.0,0.0,0.0
b2224,june_2026,1,435,عجينة بقري 5 ك,كيلو,6.0,460.0,0.0,0.0,2760.0
b2224,june_2026,2,13,سجق شرقي 3 ك ابو هاشم,كيس 3 كيلو,4.0,375.0,0.0,0.0,1500.0
b2224,june_2026,3,398,بانيه 900 جرام اسباشيل,كيس,10.0,62.0,0.0,0.0,620.0
b2224,june_2026,4,255,برجر ابو هاشم جامبو 1.5 كيلو,طبق,1.0,0.0,0.0,0.0,0.0
b2224,june_2026,5,404,برجر اسبيشيال عائلي,طبق,1.0,0.0,0.0,0.0,0.0
b2224,june_2026,6,114,كفته ابو هاشم 800,طبق,1.0,0.0,0.0,0.0,0.0
b2225,june_2026,1,435,عجينة بقري 5 ك,كيلو,6.0,460.0,0.0,0.0,2760.0
b2225,june_2026,2,398,بانيه 900 جرام اسباشيل,كيس,10.0,62.0,0.0,0.0,620.0
b2226,june_2026,1,257,سجق الهنا 5 كيلو,طبق,5.0,370.0,0.0,0.0,1850.0
b2227,june_2026,1,402,كفته اسبيشيال عائلي,طبق,12.0,78.0,0.0,15.0,795.6
b2227,june_2026,2,399,كفته اسبيشيال صغير,طبق,15.0,35.0,0.0,15.0,446.25
b2227,june_2026,3,257,سجق الهنا 5 كيلو,طبق,1.0,370.0,0.0,0.0,370.0
b2227,june_2026,4,405,سجق اسبيشيال صغير,طبق,1.0,0.0,0.0,0.0,0.0
b2228,june_2026,1,398,بانيه 900 جرام اسباشيل,كيس,40.0,62.0,0.0,0.0,2480.0
b2229,june_2026,1,398,بانيه 900 جرام اسباشيل,كيس,110.0,62.0,0.0,0.0,6820.0
b2229,june_2026,2,402,كفته اسبيشيال عائلي,طبق,2.0,0.0,0.0,0.0,0.0
b2230,june_2026,1,257,سجق الهنا 5 كيلو,طبق,4.0,370.0,0.0,0.0,1480.0
b2231,june_2026,1,398,بانيه 900 جرام اسباشيل,كيس,110.0,62.0,0.0,0.0,6820.0
B2232,june_2026,1,404,برجر اسبيشيال عائلي,طبق,60.0,80.0,0.0,15.0,4080.0
B2232,june_2026,2,403,برجر اسبيشيال صغير,طبق,30.0,36.0,0.0,15.0,918.0
B2232,june_2026,3,399,كفته اسبيشيال صغير,طبق,15.0,35.0,0.0,15.0,446.25
B2233,june_2026,1,404,برجر اسبيشيال عائلي,طبق,60.0,80.0,0.0,15.0,4080.0
B2233,june_2026,2,403,برجر اسبيشيال صغير,طبق,75.0,36.0,0.0,15.0,2295.0
B2233,june_2026,3,402,كفته اسبيشيال عائلي,طبق,60.0,78.0,0.0,15.0,3978.0
B2233,june_2026,4,399,كفته اسبيشيال صغير,طبق,75.0,35.0,0.0,15.0,2231.25
B2235,june_2026,1,435,عجينة بقري 5 ك,كيلو,9.0,460.0,0.0,0.0,4140.0
B2235,june_2026,2,257,سجق الهنا 5 كيلو,طبق,6.0,370.0,0.0,0.0,2220.0
B2236,june_2026,1,402,كفته اسبيشيال عائلي,طبق,60.0,78.0,0.0,15.0,3978.0
B2236,june_2026,2,403,برجر اسبيشيال صغير,طبق,15.0,36.0,0.0,15.0,459.0
B2236,june_2026,3,404,برجر اسبيشيال عائلي,طبق,12.0,80.0,0.0,15.0,816.0
B2236,june_2026,4,399,كفته اسبيشيال صغير,طبق,15.0,35.0,0.0,15.0,446.25
B2236,june_2026,5,405,سجق اسبيشيال صغير,طبق,15.0,39.0,0.0,15.0,497.25
B2237,june_2026,1,399,كفته اسبيشيال صغير,طبق,1.0,0.0,0.0,0.0,0.0
B2237,june_2026,2,402,كفته اسبيشيال عائلي,طبق,1.0,0.0,0.0,0.0,0.0
B2237,june_2026,3,404,برجر اسبيشيال عائلي,طبق,1.0,0.0,0.0,0.0,0.0
B2238,june_2026,1,255,برجر ابو هاشم جامبو 1.5 كيلو,طلى,9.0,200.0,10.0,0.0,1620.0
B2239,june_2026,1,404,برجر اسبشيال عائلى,طلى,12.0,80.0,0.0,21.26,755.9
B2239,june_2026,2,403,برجر اسبشيال صغير,طلى,15.0,36.0,0.0,21.26,425.2
B2239,june_2026,3,399,كفته اسبيشيال صغير,طلى,15.0,35.0,0.0,21.26,413.38
B2239,june_2026,4,402,كفته اسبيشيال عائلى,طلى,12.0,78.0,0.0,21.26,737.01
B2240,june_2026,1,404,برجر اسبشيال عائلى,طلى,12.0,80.0,0.0,15.0,816.0
B2240,june_2026,2,399,كفته اسبيشيال صغير,طلى,15.0,35.0,0.0,15.0,446.25
B2240,june_2026,3,402,كفته اسبيشيال عائلى,طلى,24.0,78.0,0.0,15.0,1591.2
B2241,june_2026,1,404,برجر اسبشيال عائلى,طلى,1.0,0.0,0.0,0.0,0.0
B2241,june_2026,2,402,كفته اسبيشيال عائلى,طلى,1.0,0.0,0.0,0.0,0.0
B2241,june_2026,3,399,كفته اسبيشيال صغير,طلى,1.0,0.0,0.0,0.0,0.0
B2245,june_2026,1,257,سجق الهنا 5 كيلو,طلى,10.0,370.0,0.0,0.0,3700.0
B2245,june_2026,2,439,استريس الهنا 800 جرام,طلى,24.0,150.0,0.0,0.0,3600.0
B2246,june_2026,1,399,كفته اسبيشيال صغير,طلى,15.0,35.0,0.0,15.0,446.25
B2246,june_2026,2,439,استريس الهنا 800 جرام,طلى,12.0,150.0,0.0,0.0,1800.0
b2247,june_2026,1,404,برجر اسبشيال عائلى,طلى,60.0,80.0,0.0,15.0,4080.0
b2247,june_2026,2,403,برجر اسبشيال صغير,طلى,75.0,36.0,0.0,15.0,2295.0
b2248,june_2026,1,404,برجر اسبشيال عائلى,طلى,60.0,80.0,0.0,15.0,4080.0
b2248,june_2026,2,404,برجر اسبشيال عائلى,طلى,60.0,80.0,0.0,15.0,4080.0
b2248,june_2026,3,402,كفته اسبيشيال عائلى,طلى,108.0,78.0,0.0,15.0,7160.4
b2248,june_2026,4,399,كفته اسبيشيال صغير,طلى,30.0,35.0,0.0,15.0,892.5
b2248,june_2026,5,403,برجر اسبشيال صغير,طلى,30.0,36.0,0.0,15.0,918.0
b2248,june_2026,6,405,سجق اسبيشيال صغير,طلى,30.0,39.0,0.0,15.0,994.5
b2250,june_2026,1,402,كفته اسبيشيال عائلى,طلى,12.0,0.0,0.0,0.0,0.0
b2250,june_2026,2,404,برجر اسبشيال عائلى,طلى,12.0,0.0,0.0,0.0,0.0
b2251,june_2026,1,402,كفته اسبيشيال عائلى,طلى,1200.0,78.0,0.0,15.0,79560.0
b2251,june_2026,2,13,سجق شرقى 3 ك ابو هاشم,كيس 3 كيلو,36.0,375.0,0.0,0.0,13500.0
b2251,june_2026,3,257,سجق الهنا 5 كيلو,طلى,20.0,370.0,0.0,0.0,7400.0
b2252,june_2026,1,107,سجق 800 ابو هاشم,طلى,16.0,132.0,0.0,10.0,1900.8
b2252,june_2026,2,255,برجر ابو هاشم جامبو 1.5 كيلو,طلى,9.0,200.0,0.0,10.0,1620.0
b2252,june_2026,3,1,مفروم صافى 400 جم,طلى,40.0,100.0,0.0,0.0,4000.0
b2252,june_2026,4,2,كبده اسكندرانى 400,طلى,40.0,78.0,0.0,0.0,3120.0
b2253,june_2026,1,403,برجر اسبشيال صغير,طلى,450.0,36.0,0.0,15.0,13770.0
b2253,june_2026,2,399,كفته اسبيشيال صغير,طلى,225.0,35.0,0.0,15.0,6693.75
b2253,june_2026,3,402,كفته اسبيشيال عائلى,طلى,240.0,78.0,0.0,15.0,15912.0
b2253,june_2026,4,405,سجق اسبيشيال صغير,طلى,75.0,39.0,0.0,15.0,2486.25
b2253,june_2026,5,404,برجر اسبشيال عائلى,طلى,336.0,80.0,0.0,15.0,22848.0
b2254,june_2026,1,120,برجر الهنا 900 جرام,طلى,360.0,70.0,0.0,15.0,21420.0
b2254,june_2026,2,101,كفته الهنا 800 جرام,طلى,360.0,67.0,0.0,15.0,20502.0
b2254,june_2026,3,102,كفته الهنا 350,طلى,300.0,32.0,0.0,15.0,8160.0
b2254,june_2026,4,104,برجر الهنا 400 جرام,طلى,300.0,34.0,0.0,15.0,8670.0
b2256,june_2026,1,398,باتيه 900 جرام اسباشيل,كيس,200.0,64.0,0.0,0.0,12800.0
b2256,june_2026,2,346,باتيه 800 جرام,طلى,240.0,58.5,0.0,0.0,14040.0
b2256,june_2026,3,257,سجق الهنا 5 كيلو,طلى,10.0,370.0,0.0,0.0,3700.0
b2257,june_2026,1,421,برجر ابو هاشم 1 ك,طلى,24.0,132.0,0.0,10.0,2851.2
B2258,june_2026,1,120,برجر الهنا 900 جرام,طلى,540.0,70.0,0.0,15.0,32130.0
B2258,june_2026,2,101,كفته الهنا 800 جرام,طلى,564.0,67.0,0.0,15.0,32119.8
B2258,june_2026,3,99,سجق الهنا 800 جرام,طلى,216.0,73.0,0.0,15.0,13402.8
B2258,june_2026,4,104,برجر الهنا 400 جرام,طلى,300.0,34.0,0.0,15.0,8670.0
B2258,june_2026,5,108,سجق الهنا 350,طلى,300.0,36.0,0.0,15.0,9180.0
B2259,june_2026,1,346,باتيه 800 جرام,طلى,540.0,58.5,0.0,0.0,31590.0
B2259,june_2026,2,257,سجق الهنا 5 كيلو,طلى,30.0,370.0,0.0,0.0,11100.0
B2259,june_2026,3,13,سجق شرقى 3 ك ابو هاشم,كيس 3 كيلو,60.0,375.0,0.0,0.0,22500.0
B2260,june_2026,1,102,كفته الهنا 350,طلى,300.0,0.0,0.0,0.0,0.0
B2260,june_2026,2,101,كفته الهنا 800 جرام,طلى,36.0,0.0,0.0,0.0,0.0
b2261,june_2026,1,99,سجق الهنا 800 جرام,طلى,120.0,73.0,0.0,15.0,7446.0
b2261,june_2026,2,120,برجر الهنا 900 جرام,طلى,180.0,70.0,0.0,15.0,10710.0
b2261,june_2026,3,101,كفته الهنا 800 جرام,طلى,300.0,67.0,0.0,15.0,17085.0
b2263,june_2026,1,102,كفته الهنا 350,طلى,990.0,32.0,0.0,15.0,26928.0
b2263,june_2026,2,108,سجق الهنا 350,طلى,375.0,36.0,0.0,15.0,11475.0
b2263,june_2026,3,101,كفته الهنا 800 جرام,طلى,1956.0,67.0,0.0,15.0,111394.2
b2263,june_2026,4,104,برجر الهنا 400 جرام,طلى,315.0,34.0,0.0,15.0,9103.5
b2263,june_2026,5,120,برجر الهنا 900 جرام,طلى,1800.0,70.0,0.0,15.0,107100.0
b2264,june_2026,1,102,كفته الهنا 350,طلى,750.0,0.0,0.0,0.0,0.0
b2265,june_2026,1,439,استربس الهنا 800 جرام,طلى,120.0,150.0,0.0,0.0,18000.0
b2266,june_2026,1,1,مفروم صافي 400 جم ( ابو هاشم ),طلى,200.0,100.0,0.0,0.0,20000.0
b2266,june_2026,2,2,كبده اسكندراني 400 ( ابو هاشم ),طلى,200.0,78.0,0.0,0.0,15600.0
b2266,june_2026,3,8,كفته 350 جم ابو هاشم,طلى,60.0,56.0,0.0,0.0,3360.0
b2266,june_2026,4,114,كفته ابو هاشم 800,طلى,32.0,117.0,0.0,0.0,3744.0
b2266,june_2026,5,421,برجر ابو هاشم 1 ك,طلى,36.0,132.0,0.0,0.0,4752.0
b2266,june_2026,6,255,برجر ابو هاشم جامبو 1.5 كيلو,طلى,27.0,200.0,0.0,0.0,5400.0
b2266,june_2026,7,107,سجق 800 ابو هاشم,طلى,80.0,132.0,0.0,0.0,10560.0
b2266,june_2026,8,13,سجق شرقي 3 ك ابو هاشم,كبس 3 كيلو,20.0,375.0,0.0,0.0,7500.0
b2267,june_2026,1,404,برجر اسبيشيال عائلي,طلى,324.0,80.0,0.0,15.0,22032.0
b2267,june_2026,2,403,برجر اسبيشيال صغير,طلى,210.0,36.0,0.0,15.0,6426.0
b2267,june_2026,3,405,سجق اسبيشيال صغير,طلى,375.0,39.0,0.0,15.0,12431.25
b2267,june_2026,4,406,سجق اسبيشيال عائلي,طلى,84.0,84.0,0.0,15.0,5997.6
b2267,june_2026,5,399,كفته اسبيشيال صغير,طلى,1185.0,35.0,0.0,15.0,35253.75
b2268,june_2026,1,399,كفته اسبيشيال صغير,طلى,90.0,0.0,0.0,0.0,0.0
b2268,june_2026,2,403,برجر اسبيشيال صغير,طلى,90.0,0.0,0.0,0.0,0.0
b2269,june_2026,1,439,استربس الهنا 800 جرام,طلى,420.0,150.0,0.0,0.0,63000.0
b2270,june_2026,1,102,كفته الهنا 350,طلى,750.0,32.0,0.0,15.0,20400.0
b2270,june_2026,2,104,برجر الهنا 400 جرام,طلى,720.0,34.0,0.0,15.0,20808.0
b2270,june_2026,3,108,سجق الهنا 350,طلى,600.0,36.0,0.0,15.0,18360.0
b2270,june_2026,4,120,برجر الهنا 900 جرام,طلى,72.0,70.0,0.0,15.0,4284.0
b2270,june_2026,5,101,كفته الهنا 800 جرام,طلى,60.0,67.0,0.0,15.0,3417.0
b2270,june_2026,6,99,سجق الهنا 800 جرام,طلى,24.0,73.0,0.0,15.0,1489.2
b2271,june_2026,1,102,كفته الهنا 350,طلى,180.0,0.0,0.0,0.0,0.0
b2272,june_2026,1,13,سجق شرقي 3 ك ابو هاشم,كبس 3 كيلو,52.0,375.0,0.0,0.0,19500.0
b2272,june_2026,2,421,برجر ابو هاشم 1 ك,طلى,24.0,119.0,0.0,0.0,2856.0
b2272,june_2026,3,439,استربس الهنا 800 جرام,طلى,60.0,150.0,0.0,0.0,9000.0
b2272,june_2026,4,346,بانيه 800 جرام,طلى,300.0,58.5,0.0,0.0,17550.0
b2273,june_2026,1,404,برجر اسبيشيال عائلي,طلى,24.0,80.0,0.0,15.0,1632.0
b2273,june_2026,2,403,برجر اسبيشيال صغير,طلى,30.0,36.0,0.0,15.0,918.0
b2274,june_2026,1,1,مفروم صافي 400 جم ( ابو هاشم ),طلى,40.0,100.0,0.0,0.0,4000.0
b2274,june_2026,2,2,كبده اسكندراني 400 ( ابو هاشم ),طلى,20.0,78.0,0.0,0.0,1560.0
b2274,june_2026,3,7,سجق 350 جم ابو هاشم,طلى,20.0,55.0,0.0,0.0,1100.0
b2274,june_2026,4,107,سجق 800 ابو هاشم,طلى,16.0,119.0,0.0,0.0,1904.0
b2275,june_2026,1,2,كبده اسكندراني 400 ( ابو هاشم ),طلى,20.0,78.0,0.0,0.0,1560.0
b2275,june_2026,2,421,برجر ابو هاشم 1 ك,طلى,12.0,119.0,0.0,0.0,1428.0
b2275,june_2026,3,1,مفروم صافي 400 جم ( ابو هاشم ),طلى,10.0,100.0,0.0,0.0,1000.0
b2276,june_2026,1,2,كبده اسكندراني 400 ( ابو هاشم ),طلى,60.0,78.0,0.0,0.0,4680.0
b2276,june_2026,2,1,مفروم صافي 400 جم ( ابو هاشم ),طلى,40.0,100.0,0.0,0.0,4000.0
b2276,june_2026,3,114,كفته ابو هاشم 800,طلى,16.0,105.5,0.0,0.0,1688.0
b2276,june_2026,4,107,سجق 800 ابو هاشم,طلى,16.0,119.0,0.0,0.0,1904.0
b2276,june_2026,5,7,سجق 350 جم ابو هاشم,طلى,40.0,55.0,0.0,0.0,2200.0
b2276,june_2026,6,421,برجر ابو هاشم 1 ك,طلى,24.0,119.0,0.0,0.0,2856.0
b2276,june_2026,7,255,برجر ابو هاشم جامبو 1.5 كيلو,طلى,6.0,180.0,0.0,0.0,1080.0
b2279,june_2026,1,102,كفته الهنا 350,طلى,60.0,0.0,0.0,0.0,0.0
b2280,june_2026,1,399,كفته اسبيشيال صغير,طلى,300.0,35.0,0.0,15.0,8925.0
b2280,june_2026,2,404,برجر اسبيشيال عائلي,طلى,240.0,80.0,0.0,15.0,16320.0
b2280,june_2026,3,405,سجق اسبيشيال صغير,طلى,75.0,39.0,0.0,15.0,2486.25
b2280,june_2026,4,402,كفته اسبيشيال عائلي,طلى,60.0,78.0,0.0,15.0,3978.0
b2281,june_2026,1,399,كفته اسبيشيال صغير,طلى,60.0,0.0,0.0,0.0,0.0
b2283,june_2026,1,402,كفته اسبيشيال عائلي,طلى,156.0,0.0,0.0,0.0,0.0
b2284,june_2026,1,404,برجر اسبيشيال عائلي,طلى,900.0,80.0,0.0,15.0,61200.0
b2284,june_2026,2,406,سجق اسبيشيال عائلي,طلى,240.0,84.0,0.0,15.0,17136.0
b2284,june_2026,3,120,برجر الهنا 900 جرام,طلى,240.0,70.0,0.0,15.0,14280.0
b2284,june_2026,4,402,كفته اسبيشيال عائلي,طلى,84.0,78.0,0.0,15.0,5569.2
b2284,june_2026,5,257,سجق الهنا 5 كيلو,طلى,40.0,370.0,0.0,0.0,14800.0
b2284,june_2026,6,13,سجق شرقي 3 ك ابو هاشم,كبس 3 كيلو,36.0,375.0,0.0,0.0,13500.0
b2286,june_2026,1,102,كفته الهنا 350,طلى,60.0,0.0,0.0,0.0,0.0
b2287,june_2026,1,102,كفته الهنا 350,طلى,225.0,32.0,0.0,15.0,6120.0
b2287,june_2026,2,120,برجر الهنا 900 جرام,طلى,180.0,70.0,0.0,15.0,10710.0
b2287,june_2026,3,99,سجق الهنا 800 جرام,طلى,240.0,73.0,0.0,15.0,14892.0
b2287,june_2026,4,346,بانيه 800 جرام,طلى,360.0,55.0,0.0,0.0,19800.0
b2288,june_2026,1,255,برجر ابو هاشم جامبو 1.5 كيلو,طبق,9.0,180.0,0.0,0.0,1620.0
b2288,june_2026,2,8,كفته 350 جم ابو هاشم,طبق,20.0,50.5,0.0,0.0,1010.0
b2288,june_2026,3,114,كفته ابو هاشم 800,طبق,16.0,105.5,0.0,0.0,1688.0
b2288,june_2026,4,1,مفروم صافى 400 جم ( ابو هاشم ),طبق,20.0,100.0,0.0,0.0,2000.0
b2288,june_2026,5,2,كبده اسكندراني 400 ( ابو هاشم ),طبق,20.0,78.0,0.0,0.0,1560.0
b2289,june_2026,1,33,كيلو مفروم هندى,كيلو,0.5,275.0,0.0,0.0,137.5
b2290,june_2026,1,114,كفته ابو هاشم 800,طبق,10.0,105.5,0.0,0.0,1055.0
b2291,june_2026,1,1,مفروم صافى 400 جم ( ابو هاشم ),طبق,10.0,100.0,0.0,0.0,1000.0
b2291,june_2026,2,2,كبده اسكندراني 400 ( ابو هاشم ),طبق,20.0,78.0,0.0,0.0,1560.0
b2291,june_2026,3,107,سجق 800 ابو هاشم,طبق,16.0,119.0,0.0,0.0,1904.0
b2291,june_2026,4,421,برجر ابو هاشم 1 ك,طبق,36.0,119.0,0.0,0.0,4284.0
b2291,june_2026,5,255,برجر ابو هاشم جامبو 1.5 كيلو,طبق,8.0,180.0,0.0,0.0,1440.0
b2291,june_2026,6,114,كفته ابو هاشم 800,طبق,16.0,105.5,0.0,0.0,1688.0
b2292,june_2026,1,2,كبده اسكندراني 400 ( ابو هاشم ),طبق,20.0,67.0,0.0,0.0,1340.0
b2292,june_2026,2,1,مفروم صافى 400 جم ( ابو هاشم ),طبق,7.0,80.0,0.0,0.0,560.0
b2314,june_2026,1,101,كفته الهنا 800 جرام,طبق,60.0,67.0,0.0,15.0,3417.0
b2314,june_2026,2,346,بانيه 800 جرام,طبق,24.0,57.0,0.0,0.0,1368.0
b2314,june_2026,3,257,سجق الهنا 5 كيلو,طبق,1.0,370.0,0.0,0.0,370.0
b2316,june_2026,1,101,كفته الهنا 800 جرام,طبق,36.0,67.0,0.0,15.0,2050.2
b2316,june_2026,2,102,كفته الهنا 350,طبق,60.0,32.0,0.0,15.0,1632.0
b2316,june_2026,3,120,برجر الهنا 900 جرام,طبق,24.0,70.0,0.0,15.0,1428.0
b2316,june_2026,4,104,برجر الهنا 400 جرام,طبق,15.0,34.0,0.0,15.0,433.5
b2316,june_2026,5,108,سجق الهنا 350,طبق,15.0,36.0,0.0,15.0,459.0
b2316,june_2026,6,99,سجق الهنا 800 جرام,طبق,12.0,73.0,0.0,15.0,744.6
b2317,june_2026,1,102,كفته الهنا 350,طبق,15.0,0.0,0.0,0.0,0.0
b2318,june_2026,1,120,برجر الهنا 900 جرام,طبق,480.0,70.0,0.0,15.0,28560.0
b2318,june_2026,2,101,كفته الهنا 800 جرام,طبق,120.0,67.0,0.0,15.0,6834.0
b2319,june_2026,1,101,كفته الهنا 800 جرام,طبق,48.0,0.0,0.0,0.0,0.0
b2320,june_2026,1,108,سجق الهنا 350,طبق,150.0,36.0,0.0,15.0,4590.0
b2320,june_2026,2,104,برجر الهنا 400 جرام,طبق,150.0,34.0,0.0,15.0,4335.0
b2320,june_2026,3,101,كفته الهنا 800 جرام,طبق,120.0,67.0,0.0,15.0,6834.0
b2320,june_2026,4,102,كفته الهنا 350,طبق,300.0,32.0,0.0,15.0,8160.0
b2321,june_2026,1,120,برجر الهنا 900 جرام,طبق,12.0,70.0,0.0,15.0,714.0
b2321,june_2026,2,101,كفته الهنا 800 جرام,طبق,12.0,67.0,0.0,15.0,683.4
b2321,june_2026,3,346,بانيه 800 جرام,طبق,24.0,57.0,0.0,0.0,1368.0
b2322,june_2026,1,101,كفته الهنا 800 جرام,طبق,12.0,67.0,0.0,15.0,683.4
b2322,june_2026,2,102,كفته الهنا 350,طبق,15.0,32.0,0.0,15.0,408.0
b2322,june_2026,3,104,برجر الهنا 400 جرام,طبق,15.0,34.0,0.0,15.0,433.5
b2323,june_2026,1,120,برجر الهنا 900 جرام,طبق,24.0,70.0,0.0,15.0,1428.0
b2324,june_2026,1,102,كفته الهنا 350,طبق,135.0,0.0,0.0,0.0,0.0
B2325,june_2026,1,104,برجر الهنا 400 جرام,طبق,30.0,34.0,0.0,15.0,867.0
B2325,june_2026,2,102,كفته الهنا 350,طبق,15.0,32.0,0.0,15.0,408.0
B2325,june_2026,3,108,سجق الهنا 350,طبق,15.0,36.0,0.0,15.0,459.0
B2326,june_2026,1,404,برجر اسبيشيال عائلى,طبق,60.0,80.0,0.0,15.0,4080.0
B2326,june_2026,2,402,كفته اسبيشيال عائلى,طبق,60.0,78.0,0.0,15.0,3978.0
B2326,june_2026,3,102,كفته الهنا 350,طبق,225.0,32.0,0.0,15.0,6120.0
B2326,june_2026,4,104,برجر الهنا 400 جرام,طبق,150.0,34.0,0.0,15.0,4335.0
B2326,june_2026,5,108,سجق الهنا 350,طبق,225.0,36.0,0.0,15.0,6885.0
B2326,june_2026,6,346,بانيه 800 جرام,طبق,72.0,57.0,0.0,0.0,4104.0
B2327,june_2026,1,102,كفته الهنا 350,طبق,45.0,0.0,0.0,0.0,0.0
B2328,june_2026,1,120,برجر الهنا 900 جرام,طبق,300.0,70.0,0.0,15.0,17850.0
B2328,june_2026,2,101,كفته الهنا 800 جرام,طبق,120.0,67.0,0.0,15.0,6834.0
B2328,june_2026,3,104,برجر الهنا 400 جرام,طبق,150.0,34.0,0.0,15.0,4335.0
B2328,june_2026,4,102,كفته الهنا 350,طبق,75.0,32.0,0.0,15.0,2040.0
B2329,june_2026,1,13,سجق شرقى 3 كـ ابو هاشم,كيس 3 كيلو,12.0,375.0,0.0,0.0,4500.0
B2330,june_2026,1,102,كفته الهنا 350,طلى,120.0,0.0,0.0,0.0,0.0
B2331,june_2026,1,120,برجر الهنا 900 جرام,طلى,36.0,70.0,0.0,15.0,2142.0
B2331,june_2026,2,257,سجق الهنا 5 كيلو,طلى,20.0,370.0,0.0,0.0,7400.0
B2332,june_2026,1,292,عجينه سجق 5 كيلو الهنا,طلى,26.0,230.0,0.0,0.0,5980.0
B2333,june_2026,1,101,كفته الهنا 800 جرام,طلى,24.0,67.0,0.0,15.0,1366.8
B2333,june_2026,2,346,بانيه 800 جرام,طلى,24.0,57.0,0.0,0.0,1368.0
B2333,june_2026,3,257,سجق الهنا 5 كيلو,طلى,1.0,370.0,0.0,0.0,370.0
B2334,june_2026,1,102,كفته الهنا 350,طلى,600.0,32.0,0.0,15.0,16320.0
B2334,june_2026,2,104,برجر الهنا 400 جرام,طلى,600.0,34.0,0.0,15.0,17340.0
B2334,june_2026,3,108,سجق الهنا 350,طلى,300.0,36.0,0.0,15.0,9180.0
B2335,june_2026,1,102,كفته الهنا 350,طلى,120.0,0.0,0.0,0.0,0.0
b2336,june_2026,1,101,كفته الهنا 800 جرام,طلى,48.0,67.0,0.0,15.0,2733.6
b2336,june_2026,2,108,سجق الهنا 350,طلى,15.0,36.0,0.0,15.0,459.0
b2336,june_2026,3,102,كفته الهنا 350,طلى,15.0,32.0,0.0,15.0,408.0
b2337,june_2026,1,13,سجق شرقى 3 ك ابو هاشم,كيس 3 كيلو,200.0,375.0,0.0,0.0,75000.0
b2337,june_2026,2,108,سجق الهنا 350,طلى,150.0,36.0,0.0,15.0,4590.0
b2337,june_2026,3,102,كفته الهنا 350,طلى,150.0,32.0,0.0,15.0,4080.0
b2337,june_2026,4,104,برجر الهنا 400 جرام,طلى,30.0,34.0,0.0,15.0,867.0
b2337,june_2026,5,399,كفته اسبشيال صغير,طلى,150.0,35.0,0.0,15.0,4462.5
b2337,june_2026,6,403,برجر اسبشيال صغير,طلى,90.0,36.0,0.0,15.0,2754.0
b2338,june_2026,1,101,كفته الهنا 800 جرام,طلى,120.0,67.0,0.0,15.0,6834.0
b2338,june_2026,2,102,كفته الهنا 350,طلى,165.0,32.0,0.0,15.0,4488.0
b2338,june_2026,3,13,سجق شرقى 3 ك ابو هاشم,كيس 3 كيلو,4.0,375.0,0.0,0.0,1500.0
b2338,june_2026,4,108,سجق الهنا 350,طلى,75.0,36.0,0.0,15.0,2295.0
b2339,june_2026,1,102,كفته الهنا 350,طلى,15.0,0.0,0.0,0.0,0.0
b2340,june_2026,1,439,استربس الهنا 800 جرام,طلى,1.0,0.0,0.0,0.0,0.0
b2341,june_2026,1,439,استربس الهنا 800 جرام,طلى,1.0,150.0,0.0,0.0,150.0
b2342,june_2026,1,257,سجق الهنا 5 كيلو,طلى,18.0,370.0,0.0,0.0,6660.0
b2343,june_2026,1,108,سجق الهنا 350,طلى,30.0,36.0,0.0,15.0,918.0
b2343,june_2026,2,99,سجق الهنا 800 جرام,طلى,24.0,73.0,0.0,15.0,1489.2
b2343,june_2026,3,101,كفته الهنا 800 جرام,طلى,48.0,67.0,0.0,15.0,2733.6
b2343,june_2026,4,104,برجر الهنا 400 جرام,طلى,30.0,34.0,0.0,15.0,867.0
b2344,june_2026,1,101,كفته الهنا 800 جرام,طلى,48.0,67.0,0.0,15.0,2733.6
b2344,june_2026,2,346,بانيه 800 جرام,طلى,36.0,57.0,0.0,0.0,2052.0
b2344,june_2026,3,257,سجق الهنا 5 كيلو,طلى,1.0,370.0,0.0,0.0,370.0
b2345,june_2026,1,13,سجق شرقى 3 ك ابو هاشم,كيس 3 كيلو,40.0,375.0,0.0,0.0,15000.0
b2346,june_2026,1,120,برجر الهنا 900 جرام,طلى,420.0,70.0,0.0,15.0,24990.0
b2346,june_2026,2,101,كفته الهنا 800 جرام,طلى,180.0,67.0,0.0,15.0,10251.0
b2347,june_2026,1,108,سجق الهنا 350,طلى,45.0,36.0,0.0,15.0,1377.0
b2347,june_2026,2,257,سجق الهنا 5 كيلو,طلى,15.0,370.0,0.0,0.0,5550.0
b2348,june_2026,1,346,بانيه 800 جرام,طلى,60.0,57.0,0.0,0.0,3420.0
b2348,june_2026,2,13,سجق شرقى 3 ك ابو هاشم,كيس 3 كيلو,8.0,375.0,0.0,0.0,3000.0
b2348,june_2026,3,257,سجق الهنا 5 كيلو,طلى,5.0,370.0,0.0,0.0,1850.0
b2349,june_2026,1,101,كفته الهنا 800 جرام,طلى,12.0,67.0,0.0,15.0,683.4
B2357,june_2026,1,1,مفروم صافي 400 جم ( ابو هاشم ),طلب,30.0,82.8,0.0,0.0,2484.0
B2357,june_2026,2,33,كيلو مفروم هندى,كيلو,5.0,262.0,0.0,0.0,1310.0
B2357,june_2026,3,441,استريس اسبشيال 900 جرام,كس,10.0,145.0,0.0,0.0,1450.0
b2358,june_2026,1,402,كفته اسبشيال عائلي,طلب,12.0,78.0,0.0,0.0,936.0
b2358,june_2026,2,404,برجر اسبشيال عائلي,طلب,12.0,80.0,0.0,0.0,960.0
b2358,june_2026,3,346,بانيه 800 جرام,طلب,12.0,58.0,0.0,0.0,696.0
b2358,june_2026,4,441,استريس اسبشيال 900 جرام,كس,10.0,170.0,0.0,0.0,1700.0
b2360,june_2026,1,404,برجر اسبشيال عائلي,طلب,12.0,80.0,0.0,0.0,960.0
b2360,june_2026,2,402,كفته اسبشيال عائلي,طلب,12.0,78.0,0.0,0.0,936.0
b2361,june_2026,1,403,برجر اسبشيال صغير,طلب,15.0,36.0,0.0,0.0,540.0
b2361,june_2026,2,399,كفته اسبشيال صغير,طلب,15.0,35.0,0.0,0.0,525.0
b2361,june_2026,3,346,بانيه 800 جرام,طلب,12.0,58.0,0.0,0.0,696.0
b2361,june_2026,4,441,استريس اسبشيال 900 جرام,كس,10.0,165.0,0.0,0.0,1650.0
b2361,june_2026,5,405,سجق اسبشيال صغير,طلب,15.0,39.0,0.0,0.0,585.0
b2362,june_2026,1,13,سجق شرقي 3 ك ابو هاشم,كس 3 كيلو,40.0,375.0,0.0,0.0,15000.0
b2363,june_2026,1,435,عجينة بقرى 5 ك,كيلو,1.0,460.0,0.0,0.0,460.0
b2364,june_2026,1,399,كفته اسبشيال صغير,طلب,375.0,35.0,0.0,15.0,11156.25
b2364,june_2026,2,403,برجر اسبشيال صغير,طلب,375.0,36.0,0.0,15.0,11475.0
b2364,june_2026,3,405,سجق اسبشيال صغير,طلب,240.0,39.0,0.0,15.0,7956.0
b2364,june_2026,4,406,سجق اسبشيال عائلي,طلب,120.0,84.0,0.0,15.0,8568.0
b2364,june_2026,5,346,بانيه 800 جرام,طلب,300.0,57.0,0.0,0.0,17100.0
b2365,june_2026,1,399,كفته اسبشيال صغير,طلب,45.0,0.0,0.0,0.0,0.0
b2365,june_2026,2,403,برجر اسبشيال صغير,طلب,30.0,0.0,0.0,0.0,0.0
b2366,june_2026,1,101,كفته الهنا 800 جرام,طلب,48.0,0.0,0.0,0.0,0.0
b2367,june_2026,1,7,سجق 350 جم ابو هاشم,طلب,1.0,0.0,0.0,0.0,0.0
b2368,june_2026,1,120,برجر الهنا 900 جرام,طلب,12.0,70.0,0.0,15.0,714.0
b2368,june_2026,2,99,سجق الهنا 800 جرام,طلب,12.0,73.0,0.0,15.0,744.6
b2368,june_2026,3,441,استريس اسبشيال 900 جرام,كس,10.0,165.0,0.0,0.0,1650.0
b2368,june_2026,4,346,بانيه 800 جرام,طلب,12.0,57.0,0.0,0.0,684.0
b2369,june_2026,1,441,استريس اسبشيال 900 جرام,كس,100.0,165.0,0.0,0.0,16500.0
b2370,june_2026,1,102,كفته الهنا 350,طلب,120.0,0.0,0.0,0.0,0.0
b2371,june_2026,1,104,برجر الهنا 400 جرام,طلب,75.0,34.0,0.0,15.0,2167.5
b2371,june_2026,2,102,كفته الهنا 350,طلب,75.0,32.0,0.0,15.0,2040.0
b2371,june_2026,3,120,برجر الهنا 900 جرام,طلب,36.0,70.0,0.0,15.0,2142.0
b2371,june_2026,4,101,كفته الهنا 800 جرام,طلب,36.0,67.0,0.0,15.0,2050.2
b2372,june_2026,1,2,كبده اسكندراني 400 ( ابو هاشم ),طلب,20.0,67.0,0.0,0.0,1340.0
b2372,june_2026,2,107,سجق 800 ابو هاشم,طلب,15.0,86.0,0.0,0.0,1290.0
b2373,june_2026,1,104,برجر الهنا 400 جرام,طلب,75.0,34.0,0.0,15.0,2167.5
b2373,june_2026,2,399,كفته اسبشيال صغير,طلب,105.0,35.0,0.0,15.0,3123.75
b2373,june_2026,3,403,برجر اسبشيال صغير,طلب,375.0,36.0,0.0,15.0,11475.0
b2373,june_2026,4,402,كفته اسبشيال عائلي,طلب,96.0,78.0,0.0,15.0,6364.8
b2373,june_2026,5,404,برجر اسبشيال عائلي,طلب,180.0,80.0,0.0,15.0,12240.0
b2373,june_2026,6,346,بانيه 800 جرام,طلب,120.0,55.0,0.0,0.0,6600.0
b2373,june_2026,7,398,بانيه 900 جرام اسباشيل,كس,150.0,62.0,0.0,0.0,9300.0
b2373,june_2026,8,102,كفته الهنا 350,طلب,150.0,32.0,0.0,15.0,4080.0
b2374,june_2026,1,399,كفته اسبشيال صغير,طلب,60.0,0.0,0.0,0.0,0.0
b2375,june_2026,1,1,مفروم صافي 400 جم ( ابو هاشم ),طلب,30.0,80.0,0.0,0.0,2400.0
b2375,june_2026,2,2,كبده اسكندراني 400 ( ابو هاشم ),طلب,20.0,67.0,0.0,0.0,1340.0
b2375,june_2026,3,33,كيلو مفروم هندى,كيلو,5.0,262.0,0.0,0.0,1310.0
b2376,june_2026,1,108,سجق الهنا 350,طلب,225.0,36.0,0.0,15.0,6885.0
b2376,june_2026,2,101,كفته الهنا 800 جرام,طلب,240.0,67.0,0.0,15.0,13668.0
b2376,june_2026,3,102,كفته الهنا 350,طلب,75.0,32.0,0.0,15.0,2040.0
b2376,june_2026,4,104,برجر الهنا 400 جرام,طلب,300.0,34.0,0.0,15.0,8670.0
b2377,june_2026,1,101,كفته الهنا 800 جرام,طلب,60.0,67.0,0.0,15.0,3417.0
b2377,june_2026,2,346,بانيه 800 جرام,طلب,36.0,57.0,0.0,0.0,2052.0
b2377,june_2026,3,257,سجق الهنا 5 كيلو,طلب,3.0,370.0,0.0,0.0,1110.0
b2378,june_2026,1,101,كفته الهنا 800 جرام,طني,12.0,67.0,15.0,0.0,683.4
b2378,june_2026,2,441,استربس اسبشيال 900 جرام,كيس,10.0,165.0,0.0,0.0,1650.0
b2378,june_2026,3,346,بانيه 800 جرام,طني,12.0,57.0,0.0,0.0,684.0
b2378,june_2026,4,292,عجينه سجق 5 كيلو الهنا,طني,1.0,230.0,0.0,0.0,230.0
b2379,june_2026,1,120,برجر الهنا 900 جرام,طني,12.0,70.0,15.0,0.0,714.0
b2379,june_2026,2,102,كفته الهنا 350,طني,30.0,32.0,15.0,0.0,816.0
b2379,june_2026,3,104,برجر الهنا 400 جرام,طني,15.0,34.0,15.0,0.0,433.5
b2379,june_2026,4,108,سجق الهنا 350,طني,15.0,36.0,15.0,0.0,459.0
b2379,june_2026,5,101,كفته الهنا 800 جرام,طني,24.0,67.0,15.0,0.0,1366.8
b2379,june_2026,6,99,سجق الهنا 800 جرام,طني,12.0,73.0,15.0,0.0,744.6
b2380,june_2026,1,257,سجق الهنا 5 كيلو,طني,15.0,370.0,0.0,0.0,5550.0
b2380,june_2026,2,13,سجق شرقى 3 ك ابو هاشم,كيس 3 كيلو,8.0,375.0,0.0,0.0,3000.0
b2381,june_2026,1,120,برجر الهنا 900 جرام,طني,120.0,70.0,15.0,0.0,7140.0
b2381,june_2026,2,102,كفته الهنا 350,طني,75.0,32.0,15.0,0.0,2040.0
b2382,june_2026,1,292,عجينه سجق 5 كيلو الهنا,طني,20.0,230.0,0.0,0.0,4600.0
b2383,june_2026,1,101,كفته الهنا 800 جرام,طني,1200.0,67.0,15.0,0.0,68340.0
b2383,june_2026,2,120,برجر الهنا 900 جرام,طني,60.0,70.0,15.0,0.0,3570.0
b2383,june_2026,3,104,برجر الهنا 400 جرام,طني,75.0,34.0,15.0,0.0,2167.5
b2383,june_2026,4,102,كفته الهنا 350,طني,75.0,32.0,15.0,0.0,2040.0
b2384,june_2026,1,1,مفروم صافى 400 جم (ابو هاشم),طني,20.0,100.0,0.0,0.0,2000.0
b2384,june_2026,2,2,كبده اسكندراني 400 (ابو هاشم),طني,20.0,78.0,0.0,0.0,1560.0
b2385,june_2026,1,1,مفروم صافى 400 جم (ابو هاشم),طني,20.0,100.0,0.0,0.0,2000.0
b2385,june_2026,2,2,كبده اسكندراني 400 (ابو هاشم),طني,20.0,78.0,0.0,0.0,1560.0
b2386,june_2026,1,404,برجر اسبشيال عائلي,طني,12.0,80.0,15.0,0.0,816.0
b2386,june_2026,2,402,كفته اسبيشيال عائلي,طني,12.0,78.0,15.0,0.0,795.6
b2386,june_2026,3,13,سجق شرقى 3 ك ابو هاشم,كيس 3 كيلو,40.0,375.0,0.0,0.0,15000.0
b2387,june_2026,1,7,سجق 350 جم ابو هاشم,طني,10.0,40.05,0.0,0.0,400.5
b2387,june_2026,2,8,كفته 350 جم ابو هاشم,طني,10.0,32.8,0.0,0.0,328.0
b2387,june_2026,3,107,سجق 800 ابو هاشم,طني,10.0,86.0,0.0,0.0,860.0
b2387,june_2026,4,13,سجق شرقى 3 ك ابو هاشم,كيس 3 كيلو,1.0,305.0,0.0,0.0,305.0
b2387,june_2026,5,255,برجر ابو هاشم جامبو 1.5 كيلو,طني,5.0,137.5,0.0,0.0,687.5
b2387,june_2026,6,421,برجر ابو هاشم 1 ك,طني,1.0,95.0,0.0,0.0,95.0
b2387,june_2026,7,2,كبده اسكندراني 400 (ابو هاشم),طني,10.0,67.0,0.0,0.0,670.0
b2388,june_2026,1,447,استربس الهنا 900 جرام,كيس,1.0,155.0,0.0,0.0,155.0
b2389,june_2026,1,80,برجر 1200 جم,طني,54.0,175.0,10.0,0.0,8505.0
b2389,june_2026,2,13,سجق شرقى 3 ك ابو هاشم,كيس 3 كيلو,15.0,375.0,0.0,0.0,5625.0
b2390,june_2026,1,102,كفته الهنا 350,طني,30.0,32.0,15.0,0.0,816.0
b2390,june_2026,2,104,برجر الهنا 400 جرام,طني,75.0,34.0,15.0,0.0,2167.5
b2390,june_2026,3,120,برجر الهنا 900 جرام,طني,36.0,70.0,15.0,0.0,2142.0
b2390,june_2026,4,346,بانيه 800 جرام,طني,120.0,55.0,0.0,0.0,6600.0
b2391,june_2026,1,120,برجر الهنا 900 جرام,طني,24.0,70.0,15.0,0.0,1428.0
b2391,june_2026,2,101,كفته الهنا 800 جرام,طني,24.0,67.0,15.0,0.0,1366.8
b2391,june_2026,3,104,برجر الهنا 400 جرام,طني,45.0,34.0,15.0,0.0,1300.5
b2391,june_2026,4,102,كفته الهنا 350,طني,45.0,32.0,15.0,0.0,1224.0
b2392,june_2026,1,107,سجق 800 ابو هاشم,طني,96.0,132.0,10.0,0.0,11404.8
b2392,june_2026,2,114,كفته ابو هاشم 800,طني,80.0,117.0,10.0,0.0,8424.0
b2392,june_2026,3,255,برجر ابو هاشم جامبو 1.5 كيلو,طني,90.0,200.0,10.0,0.0,16200.0
b2392,june_2026,4,80,برجر 1200 جم,طني,179.0,165.0,10.0,0.0,26581.5
b2392,june_2026,5,7,سجق 350 جم ابو هاشم,طني,20.0,61.0,10.0,0.0,1098.0
b2392,june_2026,6,13,سجق شرقى 3 ك ابو هاشم,كيس 3 كيلو,40.0,375.0,0.0,0.0,15000.0
b2392,june_2026,7,2,كبده اسكندراني 400 (ابو هاشم),طني,20.0,78.0,0.0,0.0,1560.0
b2393,june_2026,1,33,كيلو مفروم هندى,كيلو,0.5,275.0,0.0,0.0,137.5
b2393,june_2026,2,2,كبده اسكندراني 400 (ابو هاشم),طني,1.0,75.0,0.0,0.0,75.0
b2393,june_2026,3,447,استريس الهنا 900 جرام,كيس,1.0,155.0,0.0,0.0,155.0
b2394,june_2026,1,447,استربس الهنا 900 جرام,كيس,1.0,155.0,0.0,0.0,155.0
b2394,june_2026,2,2,كبده اسكندراني 400 (ابو هاشم),طني,2.0,75.0,0.0,0.0,150.0
b2395,june_2026,1,114,كفته ابو هاشم 800,طني,10.0,105.5,0.0,0.0,1055.0
b2395,june_2026,2,7,سجق 350 جم ابو هاشم,طني,10.0,55.0,0.0,0.0,550.0
b2395,june_2026,3,2,كبده اسكندراني 400 (ابو هاشم),طني,10.0,78.0,0.0,0.0,780.0
b2396,june_2026,1,33,كيلو مفروم هندى,كيلو,4.0,250.0,0.0,0.0,1000.0
b2396,june_2026,2,107,سجق 800 ابو هاشم,طني,16.0,86.0,0.0,0.0,1376.0
b2396,june_2026,3,114,كفته ابو هاشم 800,طني,6.0,69.5,0.0,0.0,417.0
b2397,june_2026,1,33,كيلو مفروم هندى,كيلو,1.0,275.0,0.0,0.0,275.0
b2402,june_2026,1,346,بانيه 800 جرام,طلق,24.0,57.0,0.0,0.0,1368.0
b2402,june_2026,2,439,استريس الهنا 800 جرام,طلق,12.0,150.0,0.0,0.0,1800.0
b2402,june_2026,3,404,برجر اسبشيال عائلى,طلق,12.0,80.0,15.0,0.0,816.0
b2403,june_2026,1,404,برجر اسبشيال عائلى,طلق,12.0,80.0,15.0,0.0,816.0
b2403,june_2026,2,403,برجر اسبشيال صغير,طلق,15.0,36.0,15.0,0.0,459.0
b2403,june_2026,3,402,كفته اسبشيال عائلى,طلق,12.0,78.0,15.0,0.0,795.6
b2403,june_2026,4,399,كفته اسبشيال صغير,طلق,15.0,35.0,15.0,0.0,446.25
b2403,june_2026,5,435,عجينة بقرى 5 ك,كيلو,3.0,460.0,0.0,0.0,1380.0
b2403,june_2026,6,13,سجق شرقى 3 ك ابو هاشم,كس 3 كيلو,4.0,375.0,0.0,0.0,1500.0
b2403,june_2026,7,439,استريس الهنا 800 جرام,طلق,12.0,150.0,0.0,0.0,1800.0
b2404,june_2026,1,435,عجينة بقرى 5 ك,كيلو,3.0,460.0,0.0,0.0,1380.0
b2405,june_2026,1,435,عجينة بقرى 5 ك,كيلو,3.0,460.0,0.0,0.0,1380.0
b2406,june_2026,1,435,عجينة بقرى 5 ك,كيلو,3.0,460.0,0.0,0.0,1380.0
b2406,june_2026,2,346,بانيه 800 جرام,طلق,12.0,57.0,0.0,0.0,684.0
B2407,june_2026,1,346,بانيه 800 جرام,طلق,12.0,57.0,0.0,0.0,684.0
B2407,june_2026,2,441,استريس اسبشيال 900 جرام,كيس,3.0,165.0,0.0,0.0,495.0
b2408,june_2026,1,435,عجينة بقرى 5 ك,كيلو,3.0,460.0,0.0,0.0,1380.0
b2408,june_2026,2,404,برجر اسبشيال عائلى,طلق,12.0,80.0,15.0,0.0,816.0
b2408,june_2026,3,346,بانيه 800 جرام,طلق,12.0,57.0,0.0,0.0,684.0
b2409,june_2026,1,435,عجينة بقرى 5 ك,كيلو,1.0,460.0,0.0,0.0,460.0
b2409,june_2026,2,346,بانيه 800 جرام,طلق,1.0,57.0,0.0,0.0,57.0
b2409,june_2026,3,441,استريس اسبشيال 900 جرام,كيس,1.0,165.0,0.0,0.0,165.0
b2409,june_2026,4,404,برجر اسبشيال عائلى,طلق,1.0,80.0,15.0,0.0,68.0
b2409,june_2026,5,402,كفته اسبشيال عائلى,طلق,1.0,78.0,15.0,0.0,66.3
B2410,june_2026,1,402,كفته اسبشيال عائلى,طلق,1.0,78.0,15.0,0.0,66.3
B2410,june_2026,2,435,عجينة بقرى 5 ك,كيلو,1.0,460.0,0.0,0.0,460.0
B2410,june_2026,3,404,برجر اسبشيال عائلى,طلق,1.0,80.0,15.0,0.0,68.0
B2410,june_2026,4,346,بانيه 800 جرام,طلق,1.0,57.0,0.0,0.0,57.0
B2410,june_2026,5,441,استريس اسبشيال 900 جرام,كيس,1.0,165.0,0.0,0.0,165.0
b2411,june_2026,1,435,عجينة بقرى 5 ك,كيلو,1.0,460.0,0.0,0.0,460.0
b2411,june_2026,2,404,برجر اسبشيال عائلى,طلق,12.0,80.0,15.0,0.0,816.0
b2411,june_2026,3,402,كفته اسبشيال عائلى,طلق,12.0,78.0,15.0,0.0,795.6
b2412,june_2026,1,404,برجر اسبشيال عائلى,طلق,24.0,80.0,15.0,0.0,1632.0
b2414,june_2026,1,399,كفته اسبشيال صغير,طلق,15.0,35.0,15.0,0.0,446.25
b2414,june_2026,2,402,كفته اسبشيال عائلى,طلق,12.0,78.0,15.0,0.0,795.6
b2414,june_2026,3,346,بانيه 800 جرام,طلق,12.0,57.0,0.0,0.0,684.0
b2414,june_2026,4,441,استريس اسبشيال 900 جرام,كيس,20.0,165.0,0.0,0.0,3300.0
b2414,june_2026,5,404,برجر اسبشيال عائلى,طلق,8.0,80.0,15.0,0.0,544.0
b2415,june_2026,1,435,عجينة بقرى 5 ك,كيلو,1.0,460.0,0.0,0.0,460.0
b2416,june_2026,1,101,كفته الهنا 800 جرام,طلق,300.0,67.0,15.0,0.0,17085.0
b2416,june_2026,2,120,برجر الهنا 900 جرام,طلق,36.0,70.0,15.0,0.0,2142.0
b2417,june_2026,1,101,كفته الهنا 800 جرام,طلق,12.0,0.0,0.0,0.0,0.0
b2418,june_2026,1,404,برجر اسبشيال عائلى,طلق,48.0,80.0,15.0,0.0,3264.0
b2419,june_2026,1,398,بانيه 900 جرام اسباشيل,كيس,10.0,62.0,0.0,0.0,620.0
b2420,june_2026,1,398,بانيه 900 جرام اسباشيل,كيس,10.0,62.0,0.0,0.0,620.0
b2422,june_2026,1,398,بانيه 900 جرام اسباشيل,كيس,30.0,62.0,0.0,0.0,1860.0
b2422,june_2026,2,404,برجر اسبشيال عائلى,طلق,1.0,0.0,0.0,0.0,0.0
b2424,june_2026,1,402,كفته اسبشيال عائلى,طلق,2.0,66.3,0.0,0.0,132.6
b2424,june_2026,2,404,برجر اسبشيال عائلى,طلق,1.0,68.0,0.0,0.0,68.0
b2425,june_2026,1,13,سجق شرقي 3 كه ابو هاشم,كيس 3 كيلو,20.0,375.0,0.0,0.0,7500.0
b2425,june_2026,2,441,استريس اسبشيال 900 جرام,كيس,10.0,165.0,0.0,0.0,1650.0
b2425,june_2026,3,398,بانيه 900 جرام اسباشيل,كيس,10.0,62.0,0.0,0.0,620.0
b2426,june_2026,1,404,برجر اسبشيال عائلى,طبق,24.0,80.0,0.0,15.0,1632.0
b2426,june_2026,2,398,بانيه 900 جرام اسباشيل,كيس,10.0,62.0,0.0,0.0,620.0
b2427,june_2026,1,257,سجق الهنا 5 كيلو,طبق,28.0,370.0,0.0,0.0,10360.0
b2428,june_2026,1,398,بانيه 900 جرام اسباشيل,كيس,150.0,62.0,0.0,0.0,9300.0
b2428,june_2026,2,402,كفته اسبيشيال عائلى,طبق,84.0,80.0,0.0,15.0,5712.0
b2429,june_2026,1,404,برجر اسبشيال عائلى,طبق,12.0,80.0,0.0,15.0,816.0
b2429,june_2026,2,398,بانيه 900 جرام اسباشيل,كيس,10.0,62.0,0.0,0.0,620.0
b2430,june_2026,1,101,كفته الهنا 800 جرام,طبق,300.0,67.0,0.0,15.0,17085.0
b2431,june_2026,1,101,كفته الهنا 800 جرام,طبق,12.0,0.0,0.0,0.0,0.0
b2432,june_2026,1,404,برجر اسبشيال عائلى,طبق,12.0,80.0,0.0,15.0,816.0
b2432,june_2026,2,402,كفته اسبيشيال عائلى,طبق,12.0,78.0,0.0,15.0,795.6
b2433,june_2026,1,101,كفته الهنا 800 جرام,طبق,300.0,67.0,0.0,15.0,17085.0
b2434,june_2026,1,101,كفته الهنا 800 جرام,طبق,12.0,0.0,0.0,0.0,0.0
b2435,june_2026,1,257,سجق الهنا 5 كيلو,طبق,5.0,370.0,0.0,0.0,1850.0
b2436,june_2026,1,398,بانيه 900 جرام اسباشيل,كيس,10.0,62.0,0.0,0.0,620.0
b2437,june_2026,1,398,بانيه 900 جرام اسباشيل,كيس,10.0,62.0,0.0,0.0,620.0
b2438,june_2026,1,404,برجر اسبشيال عائلى,طبق,1.0,65.0,0.0,0.0,65.0
b2451,june_2026,1,120,برجر الهنا 900 جرام,طبق,48.0,0.0,0.0,0.0,0.0
b2452,june_2026,1,435,عجينة بقرى 5 ك,كيلو,30.0,460.0,0.0,0.0,13800.0
b2453,june_2026,1,403,برجر اسبشيال صغير,طبق,45.0,36.0,0.0,15.0,1377.0
b2453,june_2026,2,402,كفته اسبيشيال عائلى,طبق,36.0,78.0,0.0,15.0,2386.8
b2453,june_2026,3,399,كفته اسبيشيال صغير,طبق,45.0,35.0,0.0,15.0,1338.75
b2453,june_2026,4,405,سجق اسبيشيال صغير,طبق,15.0,39.0,0.0,15.0,497.25
b2453,june_2026,5,406,سجق اسبيشيال عائلى,طبق,12.0,84.0,0.0,15.0,856.8
b2453,june_2026,6,439,استريس الهنا 800 جرام,طبق,24.0,150.0,0.0,0.0,3600.0
b2453,june_2026,7,404,برجر اسبيشيال عائلى,طبق,12.0,80.0,0.0,15.0,816.0
b2454,june_2026,1,404,برجر اسبشيال عائلى,طبق,12.0,80.0,0.0,15.0,816.0
b2454,june_2026,2,402,كفته اسبيشيال عائلى,طبق,60.0,78.0,0.0,15.0,3978.0
b2454,june_2026,3,346,بانيه 800 جرام,طبق,24.0,57.0,0.0,0.0,1368.0
B2455,june_2026,1,404,برجر اسبشيال عائلى,طبق,120.0,80.0,0.0,15.0,8160.0
B2455,june_2026,2,403,برجر اسبيشيال صغير,طبق,150.0,36.0,0.0,15.0,4590.0
B2455,june_2026,3,399,كفته اسبيشيال صغير,طبق,45.0,35.0,0.0,15.0,1338.75
B2455,june_2026,4,405,سجق اسبيشيال صغير,طبق,150.0,39.0,0.0,15.0,4972.5
B2455,june_2026,5,435,عجينة بقرى 5 ك,كيلو,6.0,460.0,0.0,0.0,2760.0
b2456,june_2026,1,404,برجر اسبشيال عائلى,طبق,12.0,80.0,0.0,15.0,816.0
b2456,june_2026,2,403,برجر اسبيشيال صغير,طبق,15.0,36.0,0.0,15.0,459.0
b2457,june_2026,1,403,برجر اسبشيال صغير,طلق,15.0,36.0,15.0,0.0,459.0
b2457,june_2026,2,346,بانيه 800 جرام,طلق,12.0,57.0,0.0,0.0,684.0
b2457,june_2026,3,441,استريس اسبشيال 900 جرام,كس,10.0,165.0,0.0,0.0,1650.0
b2459,june_2026,1,399,كفته اسبشيال صغير,طلق,1.0,0.0,0.0,0.0,0.0
b2459,june_2026,2,405,سجق اسبشيال صغير,طلق,1.0,0.0,0.0,0.0,0.0
b2459,june_2026,3,403,برجر اسبشيال صغير,طلق,1.0,0.0,0.0,0.0,0.0
b2460,june_2026,1,399,كفته اسبشيال صغير,طلق,1.0,0.0,0.0,0.0,0.0
b2460,june_2026,2,403,برجر اسبشيال صغير,طلق,1.0,0.0,0.0,0.0,0.0
b2460,june_2026,3,405,سجق اسبشيال صغير,طلق,1.0,0.0,0.0,0.0,0.0
b2461,june_2026,1,404,برجر اسبشيال عائلي,طلق,132.0,80.0,15.0,0.0,8976.0
b2461,june_2026,2,403,برجر اسبشيال صغير,طلق,45.0,36.0,15.0,0.0,1377.0
b2461,june_2026,3,402,كفته اسبشيال عائلي,طلق,96.0,78.0,15.0,0.0,6364.8
b2461,june_2026,4,399,كفته اسبشيال صغير,طلق,45.0,35.0,15.0,0.0,1338.75
b2461,june_2026,5,398,بانيه 900 جرام اسباشيل,كس,200.0,62.0,0.0,0.0,12400.0
b2462,june_2026,1,398,بانيه 900 جرام اسباشيل,كس,160.0,62.0,0.0,0.0,9920.0
b2463,june_2026,1,404,برجر اسبشيال عائلي,طلق,12.0,80.0,15.0,0.0,816.0
b2463,june_2026,2,403,برجر اسبشيال صغير,طلق,15.0,36.0,15.0,0.0,459.0
b2463,june_2026,3,405,سجق اسبشيال صغير,طلق,15.0,39.0,15.0,0.0,497.25
b2463,june_2026,4,398,بانيه 900 جرام اسباشيل,كس,10.0,62.0,0.0,0.0,620.0
b2463,june_2026,5,441,استريس اسبشيال 900 جرام,كس,10.0,165.0,0.0,0.0,1650.0
b2463,june_2026,6,402,كفته اسبشيال عائلي,طلق,12.0,78.0,15.0,0.0,795.6
b2463,june_2026,7,399,كفته اسبشيال صغير,طلق,15.0,35.0,15.0,0.0,446.25
b2464,june_2026,1,398,بانيه 900 جرام اسباشيل,كس,300.0,62.0,0.0,0.0,18600.0
b2465,june_2026,1,404,برجر اسبشيال عائلي,طلق,60.0,80.0,15.0,0.0,4080.0
b2466,june_2026,1,398,بانيه 900 جرام اسباشيل,كس,150.0,62.0,0.0,0.0,9300.0
b2466,june_2026,2,441,استريس اسبشيال 900 جرام,كس,120.0,165.0,0.0,0.0,19800.0
b2466,june_2026,3,1,مفروم صافي 400 جم ( ابو هاشم ),طلق,100.0,100.0,0.0,0.0,10000.0
b2466,june_2026,4,2,كبده اسكندراني 400 ( ابو هاشم ),طلق,100.0,78.0,0.0,0.0,7800.0
b2466,june_2026,5,255,برجر ابو هاشم جامبو 1.5 كيلو,طلق,27.0,185.0,0.0,0.0,4995.0
b2466,june_2026,6,435,عجينة بقرى 5 ك,كلو,21.0,460.0,0.0,0.0,9660.0
b2467,june_2026,1,398,بانيه 900 جرام اسباشيل,كس,220.0,62.0,0.0,0.0,13640.0
b2468,june_2026,1,399,كفته اسبشيال صغير,طلق,30.0,35.0,15.0,0.0,892.5
b2468,june_2026,2,441,استريس اسبشيال 900 جرام,كس,9.0,165.0,0.0,0.0,1485.0
b2469,june_2026,1,404,برجر اسبشيال عائلي,طلق,12.0,80.0,15.0,0.0,816.0
b2470,june_2026,1,13,سجق شرقى 3 ك ابو هاشم,كس 3 كلو,1.0,375.0,0.0,0.0,375.0
b2471,june_2026,1,398,بانيه 900 جرام اسباشيل,كس,60.0,62.0,0.0,0.0,3720.0
b2471,june_2026,2,257,سجق الهنا 5 كيلو,طلق,50.0,370.0,0.0,0.0,18500.0
b2471,june_2026,3,435,عجينة بقرى 5 ك,كلو,51.0,450.0,0.0,0.0,22950.0
b2472,june_2026,1,346,بانيه 800 جرام,طلق,60.0,55.0,0.0,0.0,3300.0
b2472,june_2026,2,120,برجر الهنا 900 جرام,طلق,120.0,70.0,15.0,0.0,7140.0
b2472,june_2026,3,104,برجر الهنا 400 جرام,طلق,45.0,34.0,15.0,0.0,1300.5
b2472,june_2026,4,102,كفته الهنا 350,طلق,30.0,32.0,15.0,0.0,816.0
b2473,june_2026,1,346,بانيه 800 جرام,طلق,180.0,55.0,0.0,0.0,9900.0
b2474,june_2026,1,120,برجر الهنا 900 جرام,طلق,36.0,70.0,15.0,0.0,2142.0
b2474,june_2026,2,104,برجر الهنا 400 جرام,طلق,45.0,34.0,15.0,0.0,1300.5
b2474,june_2026,3,101,كفته الهنا 800 جرام,طلق,36.0,67.0,15.0,0.0,2050.2
b2474,june_2026,4,102,كفته الهنا 350,طلق,45.0,32.0,15.0,0.0,1224.0
b2475,june_2026,1,257,سجق الهنا 5 كيلو,طلق,2.0,370.0,0.0,0.0,740.0
b2475,june_2026,2,398,بانيه 900 جرام اسباشيل,كس,9.0,62.0,0.0,0.0,558.0
b2476,june_2026,1,447,استريس الهنا 900 جرام,كس,20.0,155.0,0.0,0.0,3100.0
b2477,june_2026,1,402,كفته اسبشيال عائلي,طلق,12.0,78.0,15.0,0.0,795.6
b2477,june_2026,2,405,سجق اسبشيال صغير,طلق,15.0,39.0,15.0,0.0,497.25
b2477,june_2026,3,404,برجر اسبشيال عائلي,طلق,12.0,80.0,15.0,0.0,816.0
b2478,june_2026,1,346,بانيه 800 جرام,طبق,12.0,55.0,0.0,0.0,660.0
b2478,june_2026,2,399,كفته اسبيشيال صغير,طبق,15.0,35.0,0.0,15.0,446.25
b2478,june_2026,3,403,برجر اسبيشيال صغير,طبق,15.0,36.0,0.0,15.0,459.0
b2479,june_2026,1,404,برجر اسبيشيال عائلي,طبق,24.0,80.0,0.0,15.0,1632.0
b2479,june_2026,2,403,برجر اسبيشيال صغير,طبق,15.0,36.0,0.0,15.0,459.0
b2479,june_2026,3,402,كفته اسبيشيال عائلي,طبق,12.0,78.0,0.0,15.0,795.6
b2479,june_2026,4,399,كفته اسبيشيال صغير,طبق,30.0,35.0,0.0,15.0,892.5
b2480,june_2026,1,402,كفته اسبيشيال عائلي,طبق,12.0,0.0,0.0,0.0,0.0
b2480,june_2026,2,403,برجر اسبيشيال صغير,طبق,15.0,0.0,0.0,0.0,0.0
b2481,june_2026,1,404,برجر اسبيشيال عائلي,طبق,120.0,80.0,0.0,15.0,8160.0
b2481,june_2026,2,402,كفته اسبيشيال عائلي,طبق,120.0,78.0,0.0,15.0,7956.0
b2481,june_2026,3,403,برجر اسبيشيال صغير,طبق,30.0,36.0,0.0,15.0,918.0
b2481,june_2026,4,399,كفته اسبيشيال صغير,طبق,30.0,35.0,0.0,15.0,892.5
b2481,june_2026,5,405,سجق اسبيشيال صغير,طبق,15.0,39.0,0.0,15.0,497.25
b2481,june_2026,6,435,عجينة بقري 5 ك,كيلو,3.0,460.0,0.0,0.0,1380.0
b2482,june_2026,1,398,بانيه 900 جرام اسباشيل,كيس,20.0,62.0,0.0,0.0,1240.0
b2482,june_2026,2,402,كفته اسبيشيال عائلي,طبق,24.0,0.0,0.0,0.0,0.0
b2482,june_2026,3,404,برجر اسبيشيال عائلي,طبق,24.0,0.0,0.0,0.0,0.0
b2483,june_2026,1,403,برجر اسبيشيال صغير,طبق,15.0,36.0,0.0,15.0,459.0
b2484,june_2026,1,398,بانيه 900 جرام اسباشيل,كيس,100.0,60.0,0.0,0.0,6000.0
b2485,june_2026,1,405,سجق اسبيشيال صغير,طبق,30.0,0.0,0.0,0.0,0.0
b2499,june_2026,1,13,سجق شرقي 3 ك ابو هاشم,كيس 3 كيلو,180.0,375.0,0.0,0.0,67500.0
b2499,june_2026,2,108,سجق الهنا 350,طبق,75.0,36.0,0.0,15.0,2295.0
b2499,june_2026,3,102,كفته الهنا 350,طبق,150.0,32.0,0.0,15.0,4080.0
b2499,june_2026,4,104,برجر الهنا 400 جرام,طبق,75.0,34.0,0.0,15.0,2167.5
b2499,june_2026,5,403,برجر اسبيشيال صغير,طبق,75.0,36.0,0.0,15.0,2295.0
b2499,june_2026,6,399,كفته اسبيشيال صغير,طبق,150.0,35.0,0.0,15.0,4462.5
b2500,june_2026,1,257,سجق الهنا 5 كيلو,طبق,22.0,370.0,0.0,0.0,8140.0
b2501,june_2026,1,421,برجر ابو هاشم 1 ك,طبق,60.0,132.0,0.0,10.0,7128.0
b2501,june_2026,2,8,كفته 350 جم ابو هاشم,طبق,40.0,56.0,0.0,10.0,2016.0
b2501,june_2026,3,7,سجق 350 جم ابو هاشم,طبق,60.0,61.0,0.0,10.0,3294.0
b2502,june_2026,1,292,عجينه سجق 5 كيلو الهنا,طبق,26.0,230.0,0.0,0.0,5980.0
b2503,june_2026,1,13,سجق شرقي 3 ك ابو هاشم,كيس 3 كيلو,2.0,375.0,0.0,0.0,750.0
b2504,june_2026,1,101,كفته الهنا 800 جرام,طبق,24.0,67.0,0.0,15.0,1366.8
b2504,june_2026,2,120,برجر الهنا 900 جرام,طبق,12.0,70.0,0.0,15.0,714.0
b2504,june_2026,3,108,سجق الهنا 350,طبق,30.0,36.0,0.0,15.0,918.0
b2504,june_2026,4,99,سجق الهنا 800 جرام,طبق,24.0,73.0,0.0,15.0,1489.2
b2504,june_2026,5,102,كفته الهنا 350,طبق,60.0,32.0,0.0,15.0,1632.0
b2504,june_2026,6,435,عجينة بقري 5 ك,كيلو,3.0,460.0,0.0,0.0,1380.0
b2504,june_2026,7,13,سجق شرقي 3 ك ابو هاشم,كيس 3 كيلو,4.0,375.0,0.0,0.0,1500.0
b2505,june_2026,1,101,كفته الهنا 800 جرام,طبق,36.0,67.0,0.0,15.0,2050.2
b2505,june_2026,2,346,بانيه 800 جرام,طبق,36.0,57.0,0.0,0.0,2052.0
b2505,june_2026,3,257,سجق الهنا 5 كيلو,طبق,1.0,370.0,0.0,0.0,370.0
b2506,june_2026,1,257,سجق الهنا 5 كيلو,طبق,10.0,370.0,0.0,0.0,3700.0
b2507,june_2026,1,120,برجر الهنا 900 جرام,طبق,24.0,70.0,0.0,15.0,1428.0
b2507,june_2026,2,101,كفته الهنا 800 جرام,طبق,12.0,67.0,0.0,15.0,683.4
b2507,june_2026,3,104,برجر الهنا 400 جرام,طبق,15.0,34.0,0.0,15.0,433.5
b2507,june_2026,4,102,كفته الهنا 350,طبق,15.0,32.0,0.0,15.0,408.0
b2507,june_2026,5,346,بانيه 800 جرام,طبق,24.0,57.0,0.0,0.0,1368.0
b2508,june_2026,1,257,سجق الهنا 5 كيلو,طبق,2.0,370.0,0.0,0.0,740.0
b2509,june_2026,1,120,برجر الهنا 900 جرام,طبق,720.0,70.0,0.0,15.0,42840.0
b2509,june_2026,2,101,كفته الهنا 800 جرام,طبق,480.0,67.0,0.0,15.0,27336.0
b2510,june_2026,1,120,برجر الهنا 900 جرام,طبق,12.0,70.0,0.0,15.0,714.0
b2510,june_2026,2,104,برجر الهنا 400 جرام,طبق,60.0,34.0,0.0,15.0,1734.0
b2510,june_2026,3,108,سجق الهنا 350,طبق,60.0,36.0,0.0,15.0,1836.0
b2510,june_2026,4,101,كفته الهنا 800 جرام,طبق,24.0,67.0,0.0,15.0,1366.8
b2510,june_2026,5,102,كفته الهنا 350,طبق,30.0,32.0,0.0,15.0,816.0
b2511,june_2026,1,101,كفته الهنا 800 جرام,طبق,48.0,0.0,0.0,0.0,0.0
b2511,june_2026,2,120,برجر الهنا 900 جرام,طبق,48.0,0.0,0.0,0.0,0.0
b2512,june_2026,1,102,كفته الهنا 350,طبق,15.0,0.0,0.0,0.0,0.0
b2513,june_2026,1,13,سجق شرقي 3 ك ابو هاشم,كيس 3 كلو,200.0,375.0,0.0,0.0,75000.0
b2513,june_2026,2,402,كفته اسبيشيال عائلي,طبق,120.0,78.0,0.0,15.0,7956.0
b2513,june_2026,3,399,كفته اسبيشيال صغير,طبق,150.0,35.0,0.0,15.0,4462.5
b2513,june_2026,4,102,كفته الهنا 350,طبق,150.0,32.0,0.0,15.0,4080.0
b2513,june_2026,5,108,سجق الهنا 350,طبق,150.0,36.0,0.0,15.0,4590.0
b2551,june_2026,1,447,استربس الهنا 900 جرام,كيس,10.0,155.0,0.0,0.0,1550.0
b2552,june_2026,1,33,كيلو مفروم هندي,كيلو,3.0,275.0,0.0,0.0,825.0
b2553,june_2026,1,257,سجق الهنا 5 كيلو,طبق,1.0,370.0,0.0,0.0,370.0
b2553,june_2026,2,346,بانيه 800 جرام,طبق,24.0,55.0,0.0,0.0,1320.0
b2554,june_2026,1,398,بانيه 900 جرام اسباشيل,كيس,1.0,60.0,0.0,0.0,60.0
b2555,june_2026,1,447,استربس الهنا 900 جرام,كيس,2.0,155.0,0.0,0.0,310.0
b2556,june_2026,1,439,استربس الهنا 800 جرام,طبق,1.0,150.0,0.0,0.0,150.0
b2557,june_2026,1,421,برجر ابو هاشم 1 ك,طبق,1.0,130.0,0.0,10.0,117.0
b2558,june_2026,1,439,استربس الهنا 800 جرام,طبق,1.0,150.0,0.0,0.0,150.0
